ra,dec,plx,Vmag,Kmag,Teff,Lum,ID,hz_inner,hz_outer
213.915338,19.182202,88.83,-0.10357000000000001,-2.911,4279.96,263.047,459832522,1143.047887728599,2894.078689159086
213.91541899999999,19.18241,88.85,-0.10357000000000001,,4480.0,263.047,471011863,1136.0297259558595,2847.2849878718835
68.98015600000001,16.509301,50.09,0.8723989999999999,,4020.0,495.46300035,471011442,891.3388968751821,2286.754337250709
219.91004300000003,-60.833976,742.12,-0.01,,5790.0,1.5190000000000001,471011145,685.9929525668535,1613.7450705816127
279.234626,38.783691999999995,128.93,0.023844999999999998,0.129999995231628,9400.0,43.6187227928,471012017,639.6278360274872,1401.4315598225592
114.825498,5.224993,285.93,0.33322199999999996,,6560.0,7.70408676475,471011543,577.8784550388606,1317.3464778273649
114.825217,5.2249360000000005,285.93,0.3332,-0.6579999999999999,6583.95,7.70408676475,280310048,577.3948214499256,1315.0902017964167
116.32911499999999,28.026199,96.74,1.1251200000000001,,4910.0,37.2317290982,471011546,458.3582145997517,1124.2495349446735
297.695817,8.868322000000003,194.44,0.748983,0.259999990463257,7414.0,10.5219,471012052,448.4823103310024,995.2782449453595
297.695844,8.868386,194.95,0.748983,0.102,7747.24,10.5219,70257116,447.6663273073189,985.7829526423242
219.90398100000002,-60.837157,742.12,1.35,,5260.0,0.5002,471011144,402.1186352638731,969.5355251054574
130.385122077619,-32.9424769214059,117.32799999999999,11.892999999999999,11.547,8111.0,16.8616025934,185617406,340.93627387469013,745.9207159516466
263.733622,12.560035000000001,69.84,2.0761,1.67999994754791,7917.0,43.832,471011992,327.0591578222613,717.8320109260538
263.733611,12.560066,67.13,2.0761,1.683,7899.21,43.832,289643770,314.37945274938835,690.2254286857926
101.322353942047,12.8955919817854,57.02,3.34085,1.6880000000000002,6484.91,49.6879542811,372480991,293.44633855985245,670.8181331062747
211.67060899999998,-36.369934,55.45,2.06,-0.27399999999999997,4750.0,44.77636,179323446,289.8032079363353,716.5254061647204
177.264937,14.57206,90.16,2.1181900000000002,1.87999999523163,8730.0,14.47,471011722,246.09505180953607,535.6467256693621
354.83680836913805,77.63255404754591,70.91,3.23006,1.038,4833.61,18.26362,367912480,235.9747424477052,581.0001949552125
2.2945759999999997,59.149788,59.89,2.2736,1.454,6810.0,27.95,396298498,228.6316794916603,516.6178049360774
319.644793,62.58558299999999,66.84,2.4597900000000004,2.066,7631.4,22.8181064619,417604820,226.2864349991679,499.5458805552389
208.671115,18.397662,88.17,2.66268,1.485,6065.58,10.184733762899999,367758676,208.72713039702816,485.19310755139713
6.435112,-77.254246,133.78,2.82,1.3719999999999999,5839.18,4.18610680075,267211065,204.88130225440844,480.91881829024805
298.82830552141314,6.40677162185145,74.7633,3.7232300000000014,1.712,5081.0,12.205989073,375621179,201.51619403135817,490.1168235283435
250.32177799999997,31.60275,92.63,2.806,1.278,5795.47,8.218382866239999,43255143,199.1203589595898,468.3012349581949
311.322419834463,61.838782893357,69.73,3.4215400000000002,1.393,4871.43,13.1388746171,372682437,196.5444843754839,483.00565823315577
168.527155,20.523814,56.52,2.54355,2.144,7973.68,23.97,159523958,195.72653267401608,429.1554558886445
275.327498210449,-2.89882792887342,52.81,3.24218,1.05,4847.75,22.136744341999997,168775356,193.3806462494769,475.7920633164631
200.149227503129,-36.7122795270868,55.64,2.75,2.7569999999999997,9096.67,21.94278,30753143,190.80543646759938,415.94602873742565
64.1209550036832,-59.3021545824827,54.7051,4.44,1.745,4850.71,19.92253,198079199,190.01719684971843,467.44761613204673
190.41516843685199,-1.44929738536206,84.53,2.73969,1.8730000000000002,7146.95,9.47689722406,51735845,186.11420649432688,416.08532559776836
28.660037,20.808067,54.74,2.6507,2.27,8318.0,22.13,91356756,182.65625394279724,398.57775858918734
72.4600432185588,6.96127478521121,124.6,3.18465,1.6,6398.0,3.88681976703,399665349,179.91517052224236,412.64988242045024
55.8120785025379,-9.76338198693661,110.58,3.5177300000000002,1.619,5037.0,4.16663034833,38511251,174.4356021331445,425.1712058341436
190.414760770214,-1.44940212689437,78.5233,8.4175,1.8730000257492097,6875.0,9.47689722406,502564326,174.2003869453982,392.77155807244475
121.886035371046,-24.3043222755184,51.99,2.83,2.022,6740.22,21.32,154360594,173.7305397365386,393.5007813163225
266.614677315256,27.7206109423448,119.05,3.40843,1.511,5559.0,3.22102404334,460067868,161.75043596705063,384.51788701149957
143.214325909075,51.6772889101801,74.15,3.17886,1.97,6182.0,8.47311991747,150226696,159.38201410910014,368.7059212451805
142.675157487445,-40.46675767230371,54.3053,4.9689,2.67000007629395,6821.0,15.9225711379,500178562,156.4191659333108,353.31486252167497
142.674512452966,-40.4666392323007,53.89,3.6,2.673,6938.0,15.9225711379,5295337,154.6736066050674,348.0294410390309
169.00519599999996,-57.54766899999999,79.71,11.66,13.4230003356934,6182.0,6.887689999999999,471011146,154.47424602436735,357.35255014459665
326.760157598903,-16.1273328761186,73.3761,2.85,2.0140000000000002,7162.0,8.65986,155842257,154.37733862212602,344.98054889029333
134.801894568715,48.0418270367764,68.32,3.1301200000000002,2.66,7907.0,10.124608434299999,456332840,153.76993337152697,337.55652912964604
238.78567631849398,-63.430725065180795,81.24,2.83,2.1519999999999997,7107.54,6.89375810908,341149986,152.71028744785522,341.80599511727365
26.0170480345599,-15.9374818853863,277.51599999999996,3.4960699999999996,1.794,5333.0,0.505734,419015728,150.7657086363211,362.23577843303747
28.9894002237814,-51.6088815517995,57.3774,3.69,1.73,4961.0,11.1962864239,229158436,148.79651219857328,364.0419697788922
12.276158584937502,57.8152139397684,167.99,3.43776,1.9880000000000002,5919.0,1.35725808518,445258206,146.0255344575809,341.5721936387391
220.62675058734902,-64.97513782457679,60.35,3.18,2.425,7950.0,11.7,402546736,146.0099142203528,320.27623360069316
291.3746220000001,3.1147869999999998,65.05,3.3549900000000004,2.443,7087.36,9.70243416624,228896480,145.1397377871483,325.058525356711
275.264244,72.732873,124.11,3.56184,2.2159999999999997,6118.82,2.42926282979,341873045,143.1920533059101,332.1156878243001
28.270440931427693,29.578822803803806,50.87,3.4221800000000004,2.274,6347.6,14.4698020243,28244955,141.9904534624403,326.30477706828424
53.2326880137321,-9.45825874378874,312.219,3.7154800000000003,1.776,5065.0,0.33832140000000005,118572803,140.1927499686612,341.23712652076165
302.181684283206,-66.1820434741888,164.053,3.55,1.933,5590.39,1.2498360000000002,409891396,138.66904923368173,329.1707013056694
12.2716338147118,57.8178250582683,168.752,7.3231,3.8810000000000002,5881.09,1.1770000457763672,445258198,136.8079864009776,320.53983541602037
99.17099327579771,-19.2558673131525,50.4571,3.95,1.564,4794.52,11.67,48237215,134.4124192928857,331.58811352435254
177.673814413788,1.7647270095529601,89.9258,3.59292,2.269,6070.89,3.766435,366661076,129.43206350202036,300.8020467210608
86.1157771605687,-22.448373318400602,112.611,3.59,2.508,6257.89,2.344257,93280676,126.9469565627095,292.7719196466999
110.030743380065,21.982306888623,57.7401,3.52406,2.555,6939.26,9.180161,184842719,125.83113414378539,283.11982566542883
239.11323900000002,15.661617000000001,89.92,3.8445300000000002,2.66000008583069,6286.0,3.44854,471011939,122.81407384228737,282.9227346985984
331.75275857386686,25.3451044828698,84.7637,3.77164,2.5639999999999996,6565.0,3.5068309999999996,357336603,115.55995101044391,263.38504545442015
258.837115,-26.602248,167.08,4.33,1.84,5092.67,0.800968974018,79454735,115.31146378240135,280.2939249175096
89.1012198799887,-14.167701341735,68.9277,3.71805,2.9930000000000003,6991.37,5.3222059999999995,317721019,114.2022931434861,256.5291966053794
239.113262768061,15.6616081003246,89.4602,3.8445300000000002,2.7030000000000003,6236.34,2.9722630000000003,377415363,113.65025568991629,262.33343075926456
260.25223188584897,-21.1119630890215,57.2619,9.6674,3.06699991226196,6386.0,6.8186604840400005,1455907039,109.56215605130397,251.4061431330793
220.76507571633,-5.65822011021723,54.7934,3.8673699999999998,3.0389999999999997,6695.58,7.5710229999999985,185284200,109.27151792290533,247.8865180539044
48.018872190028404,-28.9876190606057,71.6818,3.8,2.238,6181.28,4.250049,88523071,109.12505157515794,252.4515486371448
135.160269882984,41.7827330325393,62.23,3.96715,3.003,6394.0,5.71244509283,21439835,108.95007659256555,249.92432606003007
54.2183,0.40160300000000004,72.89,4.2872,2.835,6033.55,4.0038855061000005,311092847,108.32821420707167,252.15277365888883
86.8212165826392,-51.066503571453715,50.6231,3.85,3.5260000000000002,8038.68,8.970550999999997,270577175,107.25735390405976,234.92352726586327
47.266750703511896,49.61327629663261,95.1587,4.05641,2.7230000000000003,5938.0,2.230644,116988032,105.96139444472811,247.6533429807373
286.605061183095,-37.0632756521925,58.6956,4.9596,2.8499999046325697,6188.0,5.8985362317900005,514062507,105.24059052156355,243.39839083466384
216.299145892961,51.8507392012381,69.4861,4.03929,2.739,6216.86,4.128554,441709021,104.1163290177562,240.51592337290364
49.981886381926095,-43.0697982661662,166.56099999999995,4.26,2.636,5413.26,0.6542818,301051051,102.59333790812329,245.5566149785833
330.840220446792,-56.785980567754,274.805,4.69,2.237,4611.06,0.22182649999999998,231698181,101.58435938663438,252.92472088380106
156.098763132218,-74.0316113014045,61.9474,3.99,3.252,6940.89,5.161593,453620177,101.22311862017783,227.739901684701
24.1993421346356,41.4054633085579,74.5711,4.09565,2.859,6105.51,3.3528300000000004,189576919,101.1294492914908,234.68660324516134
41.0499506176689,49.228450671029215,89.6955,4.10695,2.697,6196.0,2.325108,302158903,100.94004468741518,233.37607557169397
63.81800002674371,-7.6528713937892325,198.56599999999997,4.42018,2.498,5092.0,0.43272959999999994,67772871,100.73132729506543,244.8612226966564
286.604892379683,-37.0636753027116,55.89,4.23,2.85,6188.0,5.8985362317900005,254125171,100.21017937034782,231.76415376534806
182.103404060803,-24.7288706721923,66.8743,4.02,3.307,6962.12,4.327895,421189312,99.99885186249168,224.83265391965935
354.987657494052,5.6262910729563,74.4448,4.12718,2.946,6240.94,3.275677,419919445,99.26708649169751,229.09100705104782
124.631441071927,-76.91972923065191,51.9434,4.05,3.15,6736.0,6.942022,287532010,99.05945575034362,224.4031112161877
341.6732352815,12.1728933658899,62.3994,4.20522,2.9610000000000003,6178.29,4.545395,60716322,98.2505827768135,227.322168989214
5.017821333739491,-64.8748082495563,117.16799999999999,4.23,2.7689999999999997,5960.81,1.2619120000000001,425935521,98.04195765041072,228.91886687527233
222.847006,19.100954,149.26,4.55529,1.9709999999999999,5464.0,0.74,311180437,97.575173823275,232.98811652202033
188.435666607942,41.3574782353205,116.13,4.24697,2.8480000000000003,5884.0,1.258513,458445966,97.34122932244921,228.04059363725128
321.610853404816,-65.3662006983686,107.853,4.21,2.969,6109.28,1.46538,265488188,96.68175003204975,224.32984289685996
197.968321166136,27.8781830047642,108.895,4.2403699999999995,2.923,5969.45,1.414261,445070560,96.42985440059634,225.0712155952336
311.523885169722,-25.270897435852103,70.2011,4.13,3.094,6540.23,3.529976,269995013,96.10555412231436,219.2444176098034
181.7204082775,-64.6137306392744,51.2664,4.14,3.197,6914.0,6.544465,380353415,94.40141738762172,212.57647670670823
281.415512209699,20.546309843715196,51.1282,4.202380000000002,3.19,6330.0,6.322122,282038438,94.39404470529414,217.07441360396592
112.278077267954,31.784875153522602,54.9868,4.174119999999999,2.978,6930.61,5.653109,239137207,94.05841410086063,211.69023657753812
318.620056974502,10.0069820919867,54.11,4.48525,3.384,6299.0,5.50578701923,262143945,93.33563934335331,214.90326914005306
56.7120364789954,-23.2497214300541,56.6965,4.22,3.353,6685.0,5.068327,121078878,92.54293259972219,210.015353639509
206.42185639596698,-33.043717347055804,53.20399999999999,4.23,3.41,6802.37,5.59976,30068122,90.93367859965419,205.5274313533991
316.72474839747,38.7494158434971,285.94599999999997,5.2400400000000005,2.248,4304.53,0.15777570000000002,165602000,90.04557074228298,227.70195249610578
88.59569698812929,20.2762479173541,113.124,4.3971,2.9960000000000004,5988.0,1.142209,114776214,89.95918155818632,209.80166347668052
236.610893454371,7.353067124176071,84.6121,4.4154,2.989,5901.0,2.003516,296740796,89.42444306079788,209.3387489895152
293.08995317436,69.6611765691082,173.24,4.678,2.9,5242.0,0.4341640000000001,259237827,87.51672821367272,211.19204372598074
188.01760900578304,-16.1959945963221,55.6753,4.3,3.372,6853.53,4.623329,1628071,86.32619011175389,194.77900075716474
260.25156035712,-21.1129408061142,58.6019,4.39,3.0669999999999997,6756.0,4.131667,75899957,86.1617421416281,195.05058653999208
41.27584766905579,-18.5726329528429,70.7449,4.47,3.2489999999999997,6353.39,2.61725,326242565,83.96336948245332,192.91049172018003
238.168921406902,42.4515141949136,63.1627,4.61287,2.583,5805.13,3.136053,157364190,83.84053558287304,197.0958095031977
222.847448688615,19.1004560903572,148.519,4.6558,2.5699999332427983,5496.0,0.5531361,1101124558,83.83385830380321,199.8770917641906
206.815571207393,17.4568861409732,63.8638,4.48635,3.5069999999999997,6466.27,3.202412,72506701,83.49520987523239,191.00422003503041
142.287253738591,-2.768946940019,56.2938,4.60406,3.56,5161.0,3.64765,77549389,82.69117517778481,200.33230480328274
218.670071585347,29.7451288016676,63.8633,4.4644699999999995,3.3360000000000003,6782.21,3.181787,157966796,82.33054336751492,186.21026766334097
199.601311313929,-18.311197622272697,117.573,4.6955,2.9560000000000004,5562.0,0.8351588,422478973,81.33147416646975,193.3167298317804
225.947361,47.654227,78.39,4.73529,3.011,5841.92,1.9216167907,283819432,81.33025763110686,190.8838392341633
294.11055502576914,50.2211001235427,54.2319,4.48994,3.537,6680.78,4.271476,27014182,81.27553232768913,184.4727966726742
225.947977341676,47.6544802574436,78.0881,5.6352,3.00999999046326,5851.0,1.9216167907,1102093580,80.98744272907769,190.00330152417783
225.946790168283,47.653977238932,77.24600000000002,5.1361,3.00999999046326,5851.0,1.9216167907,1102093577,80.11407629395949,187.95431095822084
79.785314426858,40.099052677084295,80.1054,4.70109,3.0380000000000003,5873.0,1.7625009999999999,409104974,79.49537430672729,186.32284629195706
76.3777340760382,-57.4727024831545,86.0239,4.71,3.3710000000000004,6153.02,1.466169,381949122,77.00276526034999,178.34590351060731
49.8404000195035,3.3701937214469395,109.34100000000001,4.83858,2.957,5711.88,0.8572931,343813545,76.17006959114538,179.8125464765186
235.29741219599998,-44.6612093497637,57.4968,4.64,3.802,6645.0,3.329396,254425584,76.16698546575012,173.09786677058722
34.263480710153196,34.2242343014778,90.845,4.87193,3.076,5608.69,1.226864,63782132,76.02336667422547,180.3114109997372
176.629466643527,-40.500355549987795,107.62100000000001,4.89,3.489,5672.0,0.8440095,454082369,74.50876778814474,176.20871025511576
258.836599013259,-26.6017000468845,167.822,5.0514,1.8400000333786009,5121.0,0.3320436,1277142191,74.49242130688845,180.82198544894678
13.2674828542105,61.12397272636999,53.1896,4.7942,3.638,6114.22,3.577349,285544488,74.48356853696839,172.7881171573142
316.73026691789903,38.7420450356067,286.14599999999996,6.06979,2.544,3948.45,0.10420910000000001,165602023,73.98982226208472,190.51329554210602
271.756624655468,30.562108147084604,63.5358,5.05874,3.1069999999999998,5947.27,2.44,22516402,73.96675648886242,172.80621453837472
258.83743593135,-26.602822063229198,167.77599999999995,5.0597,1.8400000333786009,5143.0,0.3274672,1277142190,73.89403778253597,179.17693745748093
202.107534117513,13.7787897085251,55.8347,4.9680800000000005,3.5,5495.0,3.038417,95473936,73.86977621410371,176.1289090846715
254.007039787215,65.1347961595819,66.28,4.8861,3.736,6314.1,2.3002123930900003,289622310,73.85485109147027,169.94762809571796
76.8625252059485,18.6450499840985,62.9467,4.92237,3.208,5725.0,2.40137,27136704,73.35148396499058,173.05641329528288
157.65658486460399,55.9805378936504,77.4346,4.82,3.6439999999999997,6171.92,1.618647,416519065,72.77585556581793,168.42524507887836
242.2443226783129,-8.011495815653971,62.9716,10.2922,8.66800022125244,5699.0,2.29446996925,1202920854,71.80399972382823,169.60435594058217
247.117248522101,-70.0843950149174,82.1233,4.9,3.661,6077.96,1.3610520000000002,362747897,71.03545325686312,165.03853348666237
2.81604541137004,-15.4679835426653,55.586999999999996,4.89,3.821,6191.75,2.9968529999999998,289673491,71.03110460712742,164.25424069605057
145.560068853671,-23.9155705788784,67.4693,4.93,3.722,6128.0,1.9774740000000002,11310083,70.20702533583143,162.77429850221637
265.857474654882,-21.6831930239126,58.3957,4.86,3.877,6435.0,2.7006490000000003,238115675,70.19031140480045,160.7587162385005
25.446429757537604,42.613456533607504,76.5204,4.96103,3.577,5870.0,1.499811,327507922,70.05888470194037,164.22698793130465
198.56310807766602,-59.103236876117286,55.0143,4.9,3.611,6231.44,2.966425,255854921,69.83463132964674,161.22778003445708
18.7963441710262,-45.5316687753757,65.8894,4.97,3.782,6119.03,2.003603,229092427,69.03871652614707,160.1250945700785
92.560308833733,-74.7530454391393,97.8983,5.08,3.446,5589.55,0.8655499,141810080,68.86598800069842,163.47947003460783
332.53658471679296,-32.5484098627723,54.4879,4.94,3.7039999999999997,6272.0,2.9178450000000002,97402436,68.49146552696911,157.86958736938558
302.799743690419,-36.10120932251221,166.227,5.2736,3.009999990463257,5044.0,0.2830888,1991380115,68.33025537152162,166.4915238737749
25.6240145562046,20.268516735107802,131.49,5.25221,3.285,5190.0,0.45350969999999996,113710966,68.02791250487174,164.57609578799006
164.866557767301,40.43025621930229,72.4528,5.033519999999998,3.75,5872.0,1.576894,21535479,68.01257993387927,159.4162231995104
226.825274461598,24.869193121901002,51.6674,4.9255,3.863,6528.24,3.254899,229902025,67.9498533817159,155.08204000258468
230.80133999999998,30.287840999999997,53.7,4.99314,3.714,6028.7,2.89047738413,284292958,67.82273345517591,157.90163453145857
81.10609573759041,17.3835358558314,68.5628,4.99587,4.038,6136.4,1.77772,47346402,67.62335766782832,156.72963871003014
266.036265142541,-51.834053067702506,64.0817,5.12,3.6830000000000003,5771.56,1.8988009999999997,362661163,66.27710286613019,156.03991591468406
147.147380422879,46.0210093797835,52.8994,5.0850300000000015,3.609,5872.0,2.795413,23969522,66.11599856883878,154.97078327502493
291.242501003656,11.9444117522879,66.848,5.17089,3.037,5587.0,1.709948,359981217,66.10102029062438,156.9342103979269
319.313618743961,-38.8673642817996,251.829,6.69,3.1,3599.0,0.10462850000000001,159746875,65.81165884378989,172.48615721461783
302.800225,-36.101507,165.24,5.32,3.008,4977.19,0.25971775385,389198736,65.22534724362522,159.45093501387387
117.942894,-13.898045000000002,59.98,5.15895,3.73,5816.81,2.05117,54137341,64.358292255108,151.21785405768256
94.1109115801756,12.2721641522163,51.19300000000001,5.03975,4.245,6525.0,2.9565069999999998,437886584,64.17312228506111,146.4800253921297
348.320728238272,57.1683545872878,153.08100000000005,5.56911,3.261,4884.29,0.2888785,283722336,63.94917632131777,157.05368239794254
297.756848982875,10.415720883165699,51.1912,5.11688,3.9019999999999997,6119.81,2.8347919999999998,408842743,63.79901498084896,147.96759419406524
118.065261700478,-34.7054438282834,54.7755,5.01,3.841,6525.0,2.536679,150796339,63.60221504052085,145.1768862475929
138.585572442881,61.4233205026712,50.8675,5.19205,3.782,5910.2,2.775732,86177169,63.25522214836737,148.01849913162135
125.016086235041,27.217707332842693,54.864,5.1322800000000015,3.8680000000000003,6265.0,2.425416,302188141,62.89290624323792,145.0057306720031
224.36667038925097,-21.4154797016278,170.011,5.72,3.048,4680.94,0.22252170000000002,287157634,62.79188725871504,155.78974461721458
175.262566399936,34.2016340266853,104.39,5.29853,3.588,5502.0,0.6254202,101641846,62.64139744700401,149.30807688536174
271.364425949466,2.49895097735146,195.217,5.9306,2.289999961853028,4360.0,0.16433029999999998,1674663308,62.629499675287896,157.92874734417967
49.5534107895109,-62.50636587079129,83.0122,5.24,3.86,5866.4,1.017061,279649049,62.59591143567866,146.75597403878996
199.19381732781798,9.424157557743419,57.0186,5.18799,4.033,6029.19,2.176381,397587084,62.48730569953746,145.47692829819738
116.395779,-34.172540000000005,65.79,5.36,3.75,5744.47,1.59063403221,149672905,62.346176099306916,146.96318936464394
12.531619114015,-10.644329124224,62.9723,5.16945,4.015,6270.16,1.780543,3962869,61.8388622009023,142.5461254764362
262.599166240808,-1.06302163086089,60.7132,5.9761,3.8199999332427996,5100.0,1.73862,508550949,61.716752154545766,149.9644567346621
262.598999100521,-1.06274196667383,61.19,5.31306,3.822,5641.0,1.73862,164139204,60.87845959004229,144.17735681985405
143.914590775787,35.81013443941679,89.2581,5.3954900000000015,3.69,5499.0,0.7966880000000001,8915802,60.45897667335326,144.12638525298595
101.68473981359199,43.5774285982676,60.067,5.25724,4.132,6039.0,1.8267349999999998,307754027,60.28549867835979,140.2926560338267
263.748319156729,61.8745545806542,70.98,5.23181,3.7439999999999998,5965.12,1.2797131408700002,219777482,59.800673257300964,139.60316099866043
336.642917131136,-16.741588876177403,51.5079,6.3822,4.102000236511231,5806.0,2.3922556743200003,2024022192,59.71233714816814,140.36882215961322
9.336278,-24.767329999999998,64.38,5.57,4.027,5249.86,1.4561085299399998,246895813,59.54283766766775,143.63203446949723
284.25681276522704,32.9013113743955,66.5742,5.21809,3.655,5997.84,1.442434,20601206,59.470548152052,138.63820328507558
150.252736581022,31.9236713455063,66.9958,5.37988,3.821,5742.0,1.369586,172954294,58.91832071602503,138.89840103724714
116.39549636204501,-34.1725787721725,65.1134,5.3103,3.75,5931.0,1.469251,773262373,58.86050275067608,137.6106109114608
334.56580960503896,-53.62657960567722,72.961,9.5931,3.91000008583069,5825.0,1.15817408751,2027018829,58.80735328167704,138.12518481088347
260.164864748373,32.4677436939329,68.7539,5.3917,3.911,5817.0,1.2900459999999998,9728611,58.505114523102336,137.4639250803288
17.067652,54.920339,132.4,5.17551,3.505,5316.0,0.333671534829,252191219,58.46475351171987,140.58399032013747
259.765989689255,-46.6362337002377,113.816,5.47,3.4210000000000003,5380.0,0.45163519999999996,217157387,58.32273203504193,139.81527941170168
246.005377487795,-39.1929818364435,77.4716,5.37,3.9330000000000003,5873.47,1.000781,350673608,57.93209459517119,135.77960679846683
240.261086688628,33.303511735387694,57.2216,5.40816,3.8569999999999998,5833.0,1.812064,458494003,57.671438927035254,135.4093317745838
334.565056034158,-53.6270739874802,71.3429,5.36,3.9130000000000003,5855.88,1.163426,231267777,57.56179713431273,135.0158203973469
39.0204270379252,6.88678691506907,138.208,5.7801,3.4810000000000003,4828.39,0.28272420000000004,278962915,57.235043635472294,140.95679450484215
12.095734692195899,5.28061389702288,134.499,5.74452,3.6830000000000003,4937.0,0.3002223,257393898,57.16706579805967,140.0300644016646
344.366585071459,20.7688284003914,64.6488,5.45309,3.911,5758.0,1.3687040000000001,139298196,56.799268155723986,133.80679660041054
264.820496370576,3.55524001019475,93.36,6.51316,4.098,4982.09,0.612992984025,349491678,56.605518275515486,138.34523019317842
40.6394436806257,-50.8002933948193,57.7143,5.4,4.138,6146.14,1.737211,166853853,56.24983624875849,130.3170145367363
180.18525483046105,-10.4461263941414,78.7565,5.55146,4.027,5506.0,0.8823622,152738837,56.12502225736891,133.75108506188428
60.6531047765458,-0.268921839893052,53.273,5.3791400000000005,4.181,6221.0,2.0239380000000002,9150015,55.88027191760222,129.06566452795894
303.82246521604304,-27.032975995123,113.648,5.73,3.5010000000000003,5071.0,0.4040288,326096771,55.75317480942381,135.66642141865754
26.9368067916626,63.8525020335248,99.5746,5.62847,4.013999999999999,5344.0,0.5360708000000001,373694425,55.67025425211927,133.68539784402475
49.44234712740371,-62.57532058030071,83.0626,5.53,3.9939999999999998,5743.62,0.7943885,279649057,55.629058031946144,131.13451562268244
71.9012156683654,-16.9344560923089,75.5213,5.49,3.9989999999999997,5834.0,0.9662347,117979951,55.57856269635387,130.48961711782732
243.90529322863998,-8.36943947035461,70.7675,5.49518,4.186,5791.0,1.094095,135656809,55.51501785355738,130.58895242586394
24.949221406596397,-56.193319445186994,122.055,5.76,3.5580000000000003,5020.22,0.3453673,231005905,55.46761881235109,135.30918543293137
272.608963239025,-62.0022386940204,56.328,5.47,4.13,5952.64,1.73143,303704858,55.22768355402874,128.9968528883423
101.55895420280399,79.56481016335509,54.9292,5.44439,4.141,6145.0,1.8257880000000002,141523112,54.885710052905566,127.16264546760834
39.020367,6.88687,138.72,5.826309999999999,3.45000004768372,4760.0,0.246718551214,471011360,53.7974483803084,132.94508111940988
105.98881350927799,-43.608033783973504,58.6411,5.56,4.037,5808.38,1.489692,130645536,53.64078386825763,126.08280559026136
108.95891339784599,47.2399655015396,59.287,5.55931,4.115,5888.0,1.462795,156890613,53.56795092145397,125.47133417885084
152.84225011814,49.4542358772266,205.392,6.6,2.9619999999999997,4019.0,0.105672992139,371520835,53.378177358747074,136.95012463864455
25.622145343050605,-53.7408308797301,57.6556,5.52,4.34,6150.97,1.550139,229137615,53.07092465357847,122.92780082682174
259.05567807408903,-26.546148101030607,168.06900000000005,6.33,3.466,4384.89,0.157497,79841001,52.74510098123226,132.83612791355668
327.065629441269,-47.3036166887218,64.264,5.57,4.2360000000000015,5935.88,1.2069159999999999,147407292,52.64136203715002,123.04484692577951
249.08937204273101,-2.32458677361001,100.811,5.76162,4.039,5293.42,0.4621579000000001,58092025,52.43703813971327,126.22629752294802
119.445477273125,-60.303069879530106,61.7309,5.59,4.242,5971.07,1.290002,372914091,52.204572919998064,121.839134994493
230.45062967535,-48.317628466286,68.0818,5.65,4.159,5739.0,1.0289409999999999,136916387,51.90235013148319,122.37491620286046
24.9481871999613,-56.196447557274894,122.133,5.76,3.51,5107.22,0.3038823,231005052,51.88985513270978,126.04169968564452
300.90585377771197,29.896804258884305,62.4443,5.7379999999999995,4.0760000000000005,5549.0,1.1653879999999999,105999792,51.053123778222485,121.42121674507788
129.798768026793,65.0209078538355,69.2004,5.631,4.173,5866.0,0.9731886999999999,417762326,51.04399503857915,119.67463050029372
84.2911879979852,-80.4691197969941,54.7052,5.65,4.2410000000000005,5992.1,1.533086,261136679,50.39169785869341,117.5022962773674
223.34903154743802,19.1527965339506,86.69,6.00871,4.316,5258.0,0.572979068917,267365256,50.278328644043775,121.23616928452564
9.840856298161741,21.250476680475604,89.7891,5.88437,3.9989999999999997,5274.92,0.531926,434210589,50.14202069141925,120.8090545943173
346.466815835152,-35.853071660211,304.219,7.56,3.465,3676.32,0.041299800000000005,155315739,49.8608156891965,130.1687258374431
298.573938658426,-23.941073048559108,70.8873,6.22,4.043,4600.0,0.7988219,241967968,49.74551900401871,123.92552197228088
214.75291673926003,-25.815962727377702,54.0822,10.9095,4.51000022888184,6249.0,1.5476598174599998,1056634922,49.55397469493898,114.32481772835312
94.3172078926288,5.09997656380408,51.8027,5.71202,4.205,5928.24,1.643757,265361101,49.53643527163866,115.82560534709546
317.343162989256,-73.1732580242538,50.59,5.67,4.187,5294.0,1.6190200000000001,311430135,49.251091427004596,118.55379558113258
173.62285964018795,-32.8313389866025,104.78299999999999,5.96,4.022,5140.0,0.3699607,57611256,49.05856156320859,118.97372724315152
103.827777938636,25.3756955008069,57.2425,5.76238,4.293,5913.0,1.293243,80226651,48.58219927875228,113.66950294391924
133.149213869445,28.3308213614678,79.4274,5.95084,4.015,5250.0,0.6354025999999999,332064670,48.52595930248216,117.05581181701433
279.722506277489,-21.0518726441936,76.6355,5.85,4.227,5636.0,0.684496,1544160,47.85023527182181,113.34874562985118
11.4399706871129,-47.551985140552304,66.6937,5.8,4.298,5916.54,0.9233501000000001,80431620,47.821692988742605,111.87292661450027
165.8341,35.9699,392.4,7.49,3.5010000000000003,4070.0,0.023254925296900004,166646191,47.77117003319042,122.24763688362626
109.37303700000001,-46.979251,67.69,6.7,4.323,4945.0,0.8242465952429999,59605887,47.65719971151899,116.68944664643087
301.025920434902,17.070188165685803,56.4256,5.794,4.388,5940.0,1.27598,275240386,47.51682701366775,111.04690210648783
236.00757887771096,2.51516688033248,67.7057,5.86,4.297,5676.89,0.8609752,459427073,47.33380311499337,111.9167073116413
124.599779040189,-12.632169500353301,79.5945,5.96004,4.165,5387.0,0.6075038,307624961,47.29082106267062,113.33116732903457
75.20416315328421,-5.75367250077677,113.024,6.23036,3.7060000000000004,4930.93,0.29023309999999997,213041474,47.24414232604006,115.75884193415463
43.1338674387689,-12.7697140713142,96.54,6.04986,4.167,5224.84,0.40094179999999996,30016911,46.89825901214116,113.26696407191604
344.10022208348,-31.5655653037301,131.438,6.48,3.805,4617.31,0.19634839999999998,206686962,45.702148811654574,113.75333453838095
86.1105704043458,-22.4218372971189,112.4,6.1720000000000015,4.131,5250.0,0.2796302,93279196,45.55516639575899,109.88957377792582
32.6079960933086,-50.8237408986199,92.7042,6.12,4.125,5188.5,0.4080032,220017951,45.49438144206642,110.0700078184925
222.565878202553,23.911842556455497,54.9068,5.89202,4.458,6030.0,1.244053,198304072,45.49246077945045,105.90753377914349
61.3344101495428,22.008904430661996,59.1895,5.903,4.381,5848.0,1.0527799999999998,15736408,45.44282601437621,106.6267322612597
214.753731878905,-25.8154255556425,55.5509,5.87,4.512,6152.0,1.2083270000000002,83391616,45.14355544167979,104.56125955618887
304.380534478532,66.853689324437,57.2564,5.92922,4.4510000000000005,5934.55,1.1112870000000001,403585118,45.00710641948334,105.20645140750644
87.1455839387586,-4.09464431585193,65.5534,5.96,4.405,5735.0,0.8268405000000001,176521059,44.8060878238481,105.66239660571975
236.871252834681,-37.916311747103,65.5328,6.01,4.323,5586.72,0.8168816999999999,179348425,44.789014897430434,106.337532405561
0.543088080825098,27.081799109425397,79.0696,5.6953,4.07000017166138,5570.0,0.559188823788,611726941,44.74197000016112,106.3078312164746
105.87691201475599,29.337082422685103,52.7681,5.94874,4.539,5886.0,1.28597,91686663,44.70700325387615,104.72562506181887
191.24752111167305,39.2789161973781,56.9309,5.956,4.465,5911.0,1.091918,389853353,44.40136973220365,103.89649195194977
1.6532670438182,29.021502890929106,72.5764,6.1,4.314,5489.0,0.6472669,238432056,44.32827569823228,105.72228173179437
271.598829678941,-36.0197859621222,58.1258,5.94,4.468999999999999,5923.19,1.043707,329574145,44.29957421985646,103.60348597435132
62.3287957328302,-20.4164528051422,51.1404,9.1184,7.610000133514402,5766.0,1.32318833692,686456030,44.16336805850275,104.00213045590566
137.212793928042,33.8822189201714,52.5197,5.95467,4.545,5984.0,1.267423,355127594,44.00176675915137,102.6379160742618
133.574779087202,-5.434457357834001,59.3469,6.00804,4.456,5776.65,0.9711943999999999,62569281,43.88859461601599,103.3059232069502
326.13054155637,14.7719395342441,55.1631,5.977069999999999,4.559,5927.14,1.135527,301880196,43.84499829947752,102.52282568780969
4.59535405639756,44.0229547993762,280.69,8.09,4.018,3592.0,0.0370389126444,440109725,43.651246028062324,114.44647375487033
85.3347322015541,53.481058504738904,81.43,6.22156,4.272,5249.0,0.4776798,311063391,43.13693239223722,104.06125391619334
301.386521825323,-67.3208969078038,55.8197,6.074,4.511,5725.87,1.0357450000000001,352402781,42.71742359394961,100.77825516065352
222.846018322085,19.101911557387602,148.213,6.8525,1.9700000286102293,4288.0,0.1293683,1101124559,42.28445454562409,107.01617788291838
238.30040406820203,13.1966229702884,57.583,6.099,4.527,5829.0,0.9568158999999999,172607904,42.17862824215086,99.05056210663851
272.405901221776,38.4577767011301,90.1264,6.39435,4.232,4970.0,0.3630343,75946144,42.07206370454952,102.88664276876987
79.172265,45.997991,77.29,0.041157,,5307.0,0.503374690733,471011465,41.93440725372276,100.87868522571094
103.075210259489,-5.17371282347053,114.29700000000001,6.58,4.107,4718.93,0.2196121,282210766,41.88137430668109,103.71145369743087
286.71860131057,-37.8106591102986,59.0802,6.15,4.539,5625.03,0.8780776,254147274,41.799352583932716,99.06499192936424
209.383579889512,61.4928609307496,99.2285,6.49728,4.093999999999999,4931.45,0.2910857,202380743,41.53768208076684,101.77409595549616
261.2507,67.306848,78.3429,6.431,4.515,5256.0,0.475918419049,219880402,41.413560783831485,99.87017292163603
96.54214147338921,18.7575462944059,67.9483,10.9958,4.269999980926509,4732.0,0.596712344826,718116845,41.022046968615825,101.51683111287545
178.24486456260502,37.7186820370131,108.955,6.42,4.373,4934.45,0.2352067,309599261,40.993854682019915,100.4266771937117
301.29072974979,38.4784867376937,52.5858,6.166,4.621,5767.2,1.068263,274764311,40.80127880511482,96.07945613872161
232.040054276423,-9.348071184675382,50.34,6.89266,4.891,5228.92,1.11552561361,37149737,40.784223002988156,98.48113890970369
210.884796820044,10.786788885080002,60.8403,6.27233,4.459,5523.0,0.7590733000000001,457880598,40.18672151500199,95.69281368731552
128.214565833422,-31.500850744872604,82.09,6.38,4.438,5213.0,0.4035720999999999,393844873,40.027752279057104,96.72897055698893
82.18687299999998,-65.448621,73.2277,6.88,4.686,5128.0,0.5,149248196,39.875712252207464,96.7607174388112
34.743769552747395,-25.945687061086396,77.9153,6.33,4.551,5373.0,0.44575990000000004,72748794,39.67666637084863,95.14727379365797
215.813686456787,1.2415672002673201,57.3445,6.26276,4.644,5714.0,0.837097,446436963,39.47108840583101,93.16937847007095
290.891722344464,33.2219652544345,64.0623,6.376,4.493,5359.0,0.6517536999999999,394547839,39.46831111551124,94.7106683922079
192.19603436880504,24.8402278519415,58.4809,6.28983,4.645,5617.0,0.7949010999999999,160010717,39.379722690657715,93.36479333510572
138.073119022651,14.9960397966621,50.2302,6.49541,4.664,5433.0,1.05707051519,35229531,39.29497417853052,93.96471143701898
260.713698789776,-2.3881777280504,50.8591,6.29475,4.686,5712.0,1.038009,59476871,38.98555944877427,92.03161813044815
130.825126636007,-38.8823805362634,89.3972,6.58,4.3580000000000005,5004.24,0.3175426,181273463,38.979073600991455,95.16158085015071
310.048977640298,-23.7738679642898,68.1348,6.36,4.5969999999999995,5473.0,0.5596696999999999,188401533,38.722012306782226,92.42064547128587
199.21271544310397,17.0171778603993,91.0325,6.50066,4.381,5019.17,0.3022033,373765355,38.69962287199601,94.40977732016678
214.770142332536,-59.379037422201904,84.4535,6.66,4.332,4903.26,0.341706,413356994,38.3437842677435,94.08019278370847
261.250409463119,67.30670837267459,78.1653,6.3985,4.510000228881836,5366.0,0.4127371,1400994843,38.31191744281957,91.90509531018841
93.4387315076071,-23.861935771072396,59.7617,6.3770000000000024,4.726,5617.0,0.708468,124494439,37.991384395237674,90.0732029130671
138.594897449486,52.6866090579689,157.88,7.64,3.988,3957.0,0.08813813764419999,251078595,37.5353922408839,96.60639687820073
358.10586119073304,75.5445468311722,91.6755,6.38853,4.148,4721.48,0.274049420803,265344685,37.5220352351353,92.90445769344292
82.86414944080249,-3.67722842408312,175.429,7.97,4.039,3660.0,0.0695159774857,50726077,37.317150211612436,97.50240432317143
292.783212206339,58.5859934530391,54.8715,6.597,4.463,5073.0,0.7759222,287197149,37.301325046259905,90.75788972006023
207.834757294801,-24.390511968701702,53.8785,6.43,4.665,5662.73,0.8218037,72510218,36.82128724600212,87.11682763681792
171.68884049372,3.0130995998781,54.9177,6.48616,4.747,5438.0,0.7749235999999999,363549733,36.776879022501156,87.92255748170444
176.815865605292,-30.286510390588397,56.3677,6.48,4.798,5563.6,0.7236739999999999,157324520,36.29445478647579,86.26188193071532
261.43846793467003,2.11142325907154,129.623,7.54,4.37,4034.92,0.12275209999999999,327860248,36.29134484914905,93.03596838293367
93.3020947842045,10.6271426062651,53.6335,6.45636,4.849,5730.0,0.8081403,153498031,36.249179658837804,85.50258629008898
242.601313649114,43.8176385378053,55.7363,6.61935,4.7139999999999995,5280.0,0.7035128,219483057,35.78817942809434,86.20474948905398
96.5427248880826,18.7568846633678,67.7318,6.753089999999999,4.271,4958.02,0.46337559999999994,430173956,35.73737706594414,87.44711470326735
256.116013360401,-28.58267772302,54.708,6.59,4.758,5391.78,0.7302424,20856917,35.630404153991485,85.36794316944096
319.94012142420286,-26.352878325439,54.7902,6.56,4.574,5321.0,0.7183539000000001,326395505,35.492167442547114,85.32383627228813
228.462061592901,-1.35138745615634,57.94,6.59738,4.766,5411.29,0.6445675000000001,38838329,35.42503971117739,84.7975434343478
119.07178378135,80.2655429442767,58.3088,6.553999999999999,4.862,5493.0,0.6374860999999999,289971775,35.338109438804246,84.26510583770585
179.484193153339,-27.707045621783198,98.1908,6.99,4.525,4781.93,0.2127325,403802333,35.331892294634976,87.21681356555955
290.37386571541197,-34.983432314060394,50.2864,6.4531,4.926000118255615,5809.0,0.8737591999999998,1925740387,35.2273794936117,82.79977353864442
105.30718541553301,-25.948740845306602,68.1526,6.712999999999999,4.636,5203.74,0.4450172000000001,63571394,34.909101711088084,84.3973592677148
4.05282979454943,-79.8511790938817,56.9319,6.59,4.859,5519.04,0.6467407,290543478,34.716778702075956,82.6830011555668
241.23664093406398,39.1565096643217,69.587,6.655,4.755,5293.34,0.42480829999999997,24089803,34.70252093274857,83.53613597486958
253.245010465798,-0.0264214725120773,59.5382,6.6180600000000025,4.835,5425.0,0.5794548,326927305,34.49568653166313,82.51947411907187
277.829005086201,-18.9088146019639,75.9773,6.81,4.704,5040.0,0.339238,186271747,34.194203832523826,83.33301093889709
306.934345038885,-30.8678462938492,51.7896,6.61,4.915,5541.8,0.7565003,34798133,34.124589810882604,81.18667132404515
352.84253608585885,59.1655184564868,59.2528,6.76501,4.797,5221.0,0.5530826999999999,444314028,33.81256355254324,81.67803909404728
323.391562471726,-49.009000963868,201.407,8.66,4.501,3565.0,0.0431,139754153,33.80770439440511,88.75994325044354
138.602845746424,52.6863627273833,157.885,7.7,4.136,3931.0,0.0712796789901,251078597,33.77981325811125,87.05525647406913
92.64423021281151,-21.86462722687089,173.696,8.15,4.166,3680.0,0.05733911256159999,124279525,33.541062800273316,87.54735290971875
91.6686582196562,15.542105338632,63.3684,6.7473300000000025,4.822,5311.94,0.4757663,415563103,33.41843120184966,80.37337534509798
247.21962200000002,18.413892,51.5259,6.984789999999999,4.901,5179.0,0.704255900689,345662514,33.23367757551559,80.44332616540598
48.01749839874821,-28.98695056299961,71.128,6.8733,2.240000009536743,5011.0,0.35859559999999996,651379982,32.94870914811482,80.41251595248396
217.342901691748,80.80985292732541,51.04,6.88541,4.917,5462.0,0.72,335661520,32.914846012991,78.60081380128057
354.905779708994,-72.7221548171558,87.3306,7.09,4.581,4751.57,0.2311127,277913391,32.7892286248012,81.06350958125145
79.8026101786547,-3.07339868685749,57.979,10.3379,5.0500001907348615,4253.0,0.504546359946,672129447,32.701502485929716,82.91018527381559
50.897622365960295,-40.0764897221677,56.4621,10.8257,4.76700019836426,5024.0,0.55,651069895,32.37571162138597,78.96345760679623
82.18704846814421,-65.4486916237707,65.3199,6.9086,4.690000057220459,5018.0,0.4104029000000001,733027940,32.36165185232767,78.95251644701962
255.651682935924,47.0818785198545,54.6636,6.76,5.003,5455.0,0.6034738000000001,198562505,32.282294045181544,77.11563111441014
316.793286304968,-13.924077531974099,57.5631,10.0681,5.0229997634887695,5038.0,0.516056631305,1995775141,31.95526041367709,77.88425964332723
105.995505425774,-43.61135276670471,58.6396,6.83,4.9430000000000005,5279.98,0.5031492999999999,130645531,31.842359989191337,76.70033369782405
303.472484957914,-45.164020405959604,162.321,7.97,4.2810000000000015,3859.0,0.0595652196175,129276723,31.80687909217086,82.2706273863608
104.998564416273,-61.33618047453871,54.4655,6.81,4.987,5439.78,0.5884746999999999,167814656,31.782458514300853,75.97601582333353
139.472689,28.560568,57.05,7.2,4.7669999999999995,4825.0,0.5013027200419999,149396581,31.46347606891619,77.50045581514479
205.26737885326,-34.4641581432747,63.7208,6.92,4.928999999999999,5220.22,0.4131284000000001,101969923,31.427599816456,75.9197566858659
228.99652893446705,0.7963614262711608,63.2318,6.93197,4.958,5205.0,0.4179226,461272840,31.385561679898522,75.87410290664971
50.8969005124501,-40.0763802538488,56.4936,6.8913,4.767000198364258,5229.0,0.5202952999999999,651069894,31.25806185250045,75.4781481857037
50.897043,-40.07640900000001,54.8301,6.9,4.7669999999999995,5257.46,0.55,160004049,31.156744599262424,75.13023502176276
56.0382214706806,-38.2817700090113,61.8451,6.99,4.934,5181.84,0.41977780000000003,129887847,30.793176457280296,74.52572045578458
345.067176861091,-22.5243476111507,121.492,7.88,4.478,4081.06,0.1005235,419012256,30.741487251128632,78.62409641292581
55.98059557546621,-19.110898141340602,71.6588,7.1,4.837,4968.17,0.3056659,121025936,30.696643101372466,75.07501108385675
88.51767081393,-60.0234699299399,77.2727,7.17,4.793,4867.44,0.259748,374859347,30.628668365830098,75.28454516498212
309.907204,4.972013,59.8,7.88,4.739,4336.0,0.41263425297600004,466779616,30.42392220855261,76.81148456369914
142.478439479389,5.65513311203647,78.229,7.2,4.788,4827.55,0.24883200000000005,383188202,30.39355794556132,74.85550849368705
120.13387380135599,29.2123545331925,58.4791,6.999,5.095,5238.0,0.452896,171523537,30.17756658192779,72.83742199318786
218.370283357334,52.9087908321096,75.5094,7.24,4.789,4802.37,0.26133429999999996,357373129,30.092443882580643,74.20726306647624
13.2547297823599,-30.3569148512262,71.5472,7.15,4.894,4921.0,0.2917032,66409287,29.993548802380072,73.52722635399473
114.997202254922,-3.59750723629857,70.9216,7.184989999999999,4.885,4917.0,0.2960486,66100263,29.95637916345174,73.45070075771332
242.42831010423401,-56.4451511551447,67.4096,7.11,4.981,5060.22,0.3244701,206828302,29.64763492286267,72.18097775956473
23.315872541501694,-24.1779598988801,51.8965,6.97,5.157,5417.0,0.562114,55857787,29.624340231603068,70.8931715867352
134.26695911509302,-29.8460136388839,52.8207,8.3676,7.19000005722046,6106.0,0.57,829168952,29.5348358922932,68.53877901419673
200.91314071888002,2.72332731461847,60.2511,7.068339999999999,5.0969999999999995,5155.0,0.4052685,393713800,29.507317350133633,71.50698033249964
324.171847430887,-50.8453856677515,67.5029,7.14,4.97,5033.45,0.31602759999999996,139770629,29.329842296394677,71.50136978348736
143.18233097917,26.988530050674505,55.3165,7.001,5.119,5287.0,0.4722537,172533278,29.09294571107787,70.05404756092425
81.9139681445041,-60.4159957109243,51.3404,6.99,5.2,5486.57,0.5561156999999999,149176305,29.06885869204243,69.33667962367672
188.380758272158,-68.7558088004012,61.7191,7.13,5.067,5102.7,0.37068,326538408,28.966203697356324,70.3751684421188
147.779383463156,-43.5027838734975,88.6158,7.67,4.717,4432.68,0.1667981,35055332,28.57563157442413,71.79230821639776
241.41864379346802,-20.4500284376605,53.6064,7.39,4.856,4780.08,0.46222929999999995,48668374,28.43501905619194,70.19837904159658
300.69602329702997,3.3261846694530397,78.6238,7.46,4.796,4721.91,0.2136029,345217789,28.409894908049488,70.34130357177068
120.629946683444,-66.02093884230389,57.8823,7.1435,5.115,5142.71,0.4061384,306735869,28.39117397181185,68.84338303576058
20.4963050880599,76.7102881448834,58.8216,7.178960000000001,5.159,5136.0,0.3923153,468723402,28.36403249753334,68.80008721236275
191.060609160677,51.7593057887908,66.4,7.02718,4.78,4999.0,0.30454000000000003,157871565,28.35848339686533,69.25091237965049
316.793253603091,-13.9229258355302,57.4341,7.1145,5.023,5140.71,0.40916579999999997,214563192,28.278327039821555,68.5764389335495
1.35178534532525,-37.3573632316778,230.13299999999998,8.56,4.523,3607.0,0.0231292123154,120461526,28.271759562408732,74.06752861171947
256.264144407632,-5.06651061259869,95.5499,7.7,4.726,4359.9,0.1393796,142456308,28.231483759122128,71.18986263875446
142.288452666376,-2.7507926832276897,55.3675,7.185,5.1370000000000005,5161.0,0.43674529999999995,77549396,28.14239487446573,68.17935306596571
33.927306760538805,67.67231260042189,53.7804,7.215,5.143,5134.0,0.458449,379603165,28.036042616621916,68.01114974286219
251.27646074300202,33.5092260772149,101.512,8.1,4.712,4044.0,0.11928689999999999,224329387,28.00982263189018,71.77249589607257
300.967196197762,23.340685130187698,64.0307,7.274,5.113,4960.0,0.3144388,287947139,27.828353402913745,68.08755274107719
12.3615050461663,-23.2124627090935,53.1836,7.1579999999999995,5.305,5305.0,0.45999209999999996,369395755,27.5860072268928,66.36809762743634
354.96377574473394,-32.7434070638995,54.7891,7.18,5.265,5259.17,0.4299465,316781121,27.524776577493586,66.36677196035046
269.452082499065,4.693364446234599,547.451,9.54,4.524,3259.0,0.0038063290000000002,325554331,27.48065034220451,73.28496695108869
207.2666725421,26.9799329406461,73.92399999999998,7.5145,6.333000183105469,4603.0,0.22352199999999997,1000612061,27.438567271745768,68.3443273693415
300.642314207028,15.5920745403874,51.8271,7.166,5.317,5367.0,0.4797017,418189606,27.384723596647927,65.68911466102686
230.695141272534,18.91896083630889,50.6409,7.15959,5.294,5390.5,0.5013219,345585983,27.32866053555298,65.48152262189788
311.091322692086,19.7526129806635,50.18,10.328,6.553,5242.0,0.49365,331684556,27.030633308294323,65.22929739384823
257.543128994875,-60.7287717525264,72.7317,7.38,5.091,4906.09,0.2289493,303655974,27.027059704676905,66.30418092277527
63.987091853982,-53.309808129724296,76.5847,7.64,4.923,4602.0,0.20048020000000005,219234564,26.92207335538005,67.06122176616778
280.694603583302,59.6303921833324,283.949,8.94,4.4319999999999995,3441.0,0.013643263697600001,359676790,26.888028103395495,71.03955747207976
82.10873114326291,-3.49955469496921,77.3049,7.65,4.88,4616.17,0.1959116,50587969,26.85073397309237,66.83572286131115
207.266658,26.979721,69.712,7.0286399999999984,6.3329999999999975,4683.77,0.24119000000000002,359220741,26.803058059162453,66.49023013226422
200.92018810125302,2.72527447862834,60.3373,7.36101,5.231,5001.0,0.3263761,393713801,26.67503049404033,65.13351720157698
10.205291291287098,40.187172144985105,55.7562,7.36,5.164,5076.27,0.3834059,424009747,26.640135027167602,64.80773698619687
251.06256532188598,-38.943635795437295,70.3716,7.52,5.043,4784.06,0.2354734,77929282,26.638769591243214,65.7508166356383
280.69718900000004,59.630396,280.28,8.99952,4.46000003814697,3441.0,0.013643263697600001,471012022,26.540598899167414,70.121631589738
164.128330513327,7.388474662679651,57.7619,7.37,5.199,5077.09,0.3504507,365006720,26.38488031988091,64.18419366565946
208.14940887820998,-50.92172827283521,60.0139,7.37,5.19,5025.86,0.32159109999999996,241682179,26.312014349055072,64.16838670770461
206.432398074061,14.8915200297362,183.984,8.46,4.415,3680.0,0.031266155439,72465347,26.234863981774478,68.47704585950578
264.10791321324297,68.3391400468215,219.78099999999998,9.15,4.548,3340.0,0.0215644528926,233193964,26.21849533678307,69.62893918374317
219.002336391983,9.746514901800053,61.2111,7.48,5.142,4917.0,0.3035665,349606708,26.181009850928838,64.19379023087978
75.6184,-21.2566,117.38,8.31,4.6,3719.0,0.0755635751569,146438424,25.99618528561913,67.71996369327447
77.91912218008709,-45.018431643889706,254.226,8.86,5.0489999999999995,3742.0,0.01611041,200385493,25.983138974720518,67.60707234047884
313.33245446275396,62.1543928302359,142.034,8.55,4.618,3729.0,0.05154183,365670764,25.973297918753996,67.62603624406638
75.61862897720341,-21.2566785548981,119.34,8.4193,4.599999904632568,3923.0,0.07310122,671220124,25.862703959651604,66.67882316413458
345.46476580815806,-3.8487338302746497,61.7115,7.459,5.232,4937.0,0.29034740000000003,278870306,25.794697909474117,63.183813250876014
253.8698,-8.3363,174.23,9.02,4.4030000000000005,3416.0,0.0331687756927,181589861,25.737805579606075,68.08736368726147
168.799597084924,73.47520523348258,69.1217,7.684,5.1339999999999995,4685.0,0.2251815,142591776,25.677878829554164,63.69506114943433
337.313484798985,-30.0184062943148,63.7235,7.65,5.115,4736.95,0.262908,270582021,25.531783635827747,63.16753935470002
166.3691,43.5268,206.94,8.82,4.769,3638.0,0.0230640565985,252803603,25.368703359356516,66.35748794302405
340.180768466946,-29.6744799141158,75.26,7.83,5.039,4551.43,0.1788776,47295522,25.0334702504256,62.51628108575752
175.26028402101397,-44.405189546517896,78.2299,7.77,5.101,4633.87,0.1652481,397362481,24.93988338732041,62.02393279396278
51.2488774994722,-5.3637555000647685,65.1422,7.8187,5.124000072479248,4485.0,0.2351346,651944430,24.89800137170391,62.38724482688408
293.027934432451,-11.2749414445931,56.5162,7.53,5.331,5005.91,0.32362209999999997,100711809,24.87546242453557,60.72471663483903
167.771549659517,30.446018060384496,84.0803,8.31,4.979,4060.0,0.1371136,9001920,24.862016212619263,63.654830709012224
344.14501969213796,16.5534315915508,145.611,8.68,4.523,3627.0,0.0447164051982,217331269,24.861268687280894,65.06649344436352
243.45232689571603,-57.5705122530433,73.4265,7.53,5.292999999999998,4993.96,0.1912988,207556694,24.859047372901433,60.720466396304964
152.17975380067801,34.2422635294101,54.6421,7.56,5.314,4941.0,0.3439604,407591082,24.85547288856071,60.871112835759504
51.248911,-5.363867,65.4823,7.86,5.124,4567.89,0.232853222672,279182339,24.837145352491692,61.97443401168133
72.46804973257049,-35.1076300178208,56.4713,7.49,5.334,5053.89,0.32289509999999993,1271818,24.782471413587757,60.35488692600645
171.168005857271,-61.64756806744761,72.92,7.22,4.548,4422.0,0.18385,315311759,24.695517379280954,62.077646220028015
217.429,-62.6795,768.5,11.01,4.3839999999999995,2820.0,0.00152809424127,388857263,24.626981062533037,67.21432404307669
118.64241527566999,-1.41227972625063,57.4339,7.43,5.425,5199.65,0.309665,123089572,24.544359453134064,59.35099409708933
171.692826958068,3.00632140462052,54.9057,7.56727,5.256,5069.61,0.3350458,363549734,24.529816890873125,59.693454120004596
190.277019038634,15.376667527428902,70.8895,7.91,5.075,4488.0,0.1910432,460814512,24.42015230008177,61.180601156826135
70.328563930231,20.9015133210829,75.5395,8.09,5.146,4453.52,0.16663440000000002,118820774,24.330456270494153,61.062394417640554
341.88281874959,83.6970275800605,51.1167,7.53,5.449,5082.0,0.3787899,264899051,24.27058952643,59.02672432916442
129.961632623029,11.5226723409534,54.1593,7.6270000000000024,5.439,4887.79,0.33114520000000003,443965212,24.22044651435961,59.472971874393586
349.860993701549,79.0035197228585,52.7325,7.53,5.396,5142.46,0.3511439,428988656,24.05058702389561,58.318967834473156
207.26680469323296,26.9789474301339,74.2043,7.9559,4.415,4420.0,0.1678302,359220744,24.012197552376044,60.36608880170418
67.2505155735941,21.922699727603998,88.9622,8.3,4.875,4229.35,0.113896,17558287,23.85709143248151,60.559047325906356
289.230235520318,5.168899668746,169.15900000000005,9.12,4.673,3499.0,0.03017755,176188045,23.79384579012306,62.679162725281074
80.9099145286648,17.3241171662948,68.6595,7.93,5.227,4576.92,0.19029229999999997,47345026,23.535013800740884,58.69853622511418
81.5614089551907,-32.5047602537151,55.9232,7.7,5.386,4899.21,0.2924676,24398701,23.493468712296593,57.65511562543824
132.676232281289,7.86456879702329,56.18899999999999,9.5893,5.59899997711182,4046.0,0.27,800279879,23.324133087129525,59.75979772915655
132.67649923965,7.86405969572088,56.1155,10.0381,5.59899997711182,4046.0,0.27,800279880,23.293623133546014,59.68162682145054
222.91860470307597,-24.304132284669,59.6682,7.81,5.385,4767.0,0.24988249999999998,129383,23.28216854211706,57.51506587461265
192.681528361577,-0.768129748869984,93.882,8.514,4.882,3954.0,0.0957501,53280272,23.265845528142666,59.889386628438714
262.16643983189897,-46.895192569545095,219.801,9.38,4.855,3451.0,0.01698945,218263393,23.2213906152526,61.32085185374391
233.053885954679,-41.2755920878719,169.007,9.31,4.7589999999999995,3088.0,0.0283145568529,149590989,23.210616164398225,62.44906259430448
357.302188079539,2.40122306723694,169.358,8.98,5.043,3685.0,0.02884696,267255253,23.19349137953939,60.5232408661207
247.21942199197602,18.4140561154878,51.748999999999995,7.6309,4.900000095367432,5026.0,0.3350121,1205012279,23.156884665180865,56.47342916539472
62.39599941021071,69.5413913459101,53.284,7.7,5.4570000000000025,4966.94,0.31451690000000004,102718782,23.154572056308897,56.632759421377735
207.43669369198798,-22.111092641556002,71.1199,8.16,5.16,4381.96,0.167817,437325588,23.041362176851266,58.03723996536789
300.182137659521,22.7108532822157,50.5685,7.67,5.541,5023.0,0.34579040000000005,256364928,22.9923836751393,56.080546555454525
112.25736958812,31.9938437298704,55.0668,7.726,5.5,4950.0,0.28960549999999996,239137106,22.976683451179138,56.244847975252135
59.3695788349269,-1.15946432030597,65.355,8.07,5.341,4432.68,0.19758370000000008,49934962,22.93736373899828,57.626942835295
315.66980799814,45.8847682439131,51.3456,7.688,5.372000000000001,5044.43,0.333439,304379558,22.90627329064467,55.811582092812785
79.8027515742349,-3.07381585299474,63.6514,7.77,5.046,4872.0,0.2131216,249076418,22.84939393416365,56.15051033007193
69.42054476064611,52.893614176993296,100.78,8.62,5.047,3961.0,0.07976052,274545692,22.79048301946426,58.64490978405278
336.999325,57.695875,249.52,9.59,4.77699995040894,3145.0,0.0125184971337,471012160,22.7625800135134,61.06183260970052
278.482383012145,51.71913973095951,60.5663,8.2,4.843,4622.0,0.2288825,47579336,22.733643798178274,56.57099841345923
254.47157834192998,47.36668391688439,55.7086,7.83,5.4579999999999975,4837.0,0.2738489,115582979,22.698050652144275,55.87606270101204
336.998156453644,57.6950223796136,249.393,9.9326,4.776999950408936,3388.0,0.0125184971337,2016398813,22.646030823804352,59.99401465957547
154.901170011872,19.870003899297,201.368,9.64,4.593,3471.0,0.0192123998114,95431305,22.613490428302473,59.65476070288113
80.6561916489553,2.6032266186787703,50.3943,7.8143,5.300000190734863,4784.0,0.3304534,713212224,22.598690706092682,55.779109033561646
311.28971819202303,-31.3409004606736,102.829,8.81,4.529,3213.0,0.07274703430710001,441420236,22.58529933117947,60.37315708468154
273.089134315013,-43.4448477249244,75.7454,8.38,5.2410000000000005,4198.0,0.1399668,87418452,22.53900439223647,57.30432779445551
118.725264197177,19.236340597593,50.3358,7.76,5.454,5013.28,0.33511490000000005,293253336,22.538842707962758,55.000673602100214
319.135279460359,9.39382629627196,61.8699,7.95,5.391,4729.0,0.21585370000000004,388996956,22.4678621832614,55.60935975714845
303.499356311643,-0.866881018555152,50.8982,7.79,5.537000000000001,4955.0,0.32141759999999997,243962745,22.369173564753087,54.74415166554438
244.178110842733,67.2388418583183,92.8704,8.61,4.953,3923.0,0.09023786,230073581,22.361312576472464,57.65159007854303
239.41976573717997,-42.62423396857179,67.8795,8.06,5.284,4575.58,0.1752685,255263370,22.33127933013197,55.700078600946284
171.164453653888,-61.64840731651339,85.5929,8.76,5.164,4578.0,0.109504923057,315311765,22.25572750876354,55.50484863740261
221.81708814739798,2.70322629693991,51.5701,7.76,5.615,4984.0,0.3085553,368804760,22.18213608322345,54.20854724317422
143.106535028721,-11.1846353911755,54.675,7.82,5.449,5025.75,0.27394959999999996,46907042,22.124638339876615,53.95672204449427
282.121771871926,10.7454508660468,59.2621,7.97,5.391,4763.87,0.2268779,93137389,22.03608924653017,54.445357616582044
350.770396663675,-10.7642439461258,52.1313,7.8020000000000005,5.591,4953.0,0.2967982,49644110,22.017826687586762,53.889639858017375
191.310054727083,-57.35800107324351,50.4855,7.82,5.608,5005.0,0.31358270000000005,419575434,21.874433039408228,53.40115459619327
202.499107168054,10.377162321186802,131.243,9.05,5.0360000000000005,3697.0,0.04254161,404519959,21.82077917279276,56.90650946814129
51.74676196564801,-63.4991005063024,61.2455,8.08,5.375,4628.53,0.2057862,279741379,21.792949197953885,54.21229614092017
195.586202989851,-26.7871180275013,56.3997,8.35,5.263999999999999,4286.0,0.23702310000000001,229047482,21.781080684088042,55.130535062567006
310.578261536593,-52.6992651333461,81.12,8.83,5.474,3781.0,0.11122560000000001,100670109,21.76375701535346,56.51652666938227
254.42595079364202,47.3621428821842,55.7171,7.895,5.54,4826.0,0.2499702000000001,115582977,21.697905590903364,53.44334962885821
133.853836954593,70.7939390124312,86.321,8.6094,4.559999942779541,4024.0,0.09791588,802622517,21.59141896666846,55.38213326552024
259.460100086806,52.447114512015,53.965,7.93,5.564,4790.18,0.2618895,188640759,21.53877790358723,53.146536126650616
213.48782654263002,30.217187288120197,58.1145,8.03,5.47,4722.49,0.224254,173106845,21.51580922461521,53.27038280963618
138.723536387614,4.44283596571472,56.1805,7.91,5.255,4803.0,0.24111329999999997,290468468,21.505250140061463,53.02977260246034
203.384998408395,8.58676300279501,55.3898,7.98,5.492999999999999,4830.31,0.2481826,378993741,21.489800554598602,52.91937743332696
53.7539160084547,-48.41914073231529,73.5244,8.57,5.337999999999999,4102.0,0.1336032,200851505,21.4350266845526,54.76375360670241
316.332275291957,7.06929807209097,66.4656,8.298,5.306,4442.05,0.1665108,283552865,21.407933245440955,53.75893422861658
6.10805611499874,-27.0267729429385,55.7055,7.933,5.559,4882.54,0.2442374,246852823,21.39874435815006,52.558057043391344
111.8521,5.2258,263.26,9.84,4.857,3193.0,0.00991254379627,318686860,21.352069336990567,57.13564168373581
277.46836447866,-1.81810252246903,53.2422,8.04,5.484,4748.88,0.2636019,133556737,21.351328505947023,52.79316622728064
247.21992065732002,18.4137341689024,51.787,7.7943,4.900000095367432,5066.0,0.2839632,1205012280,21.30279762788325,51.84967429794344
100.315463031423,23.957716208536,57.8889,8.08,5.546,4617.44,0.2199087,353436550,21.301812156622564,53.020182628900386
280.695392546373,59.6268675148516,283.862,9.7534,4.980000019073486,3433.0,0.0084997987614,1717842912,21.21989222841421,56.08692070137451
60.3317680659694,76.1593738115739,61.6177,8.2,5.455,4504.26,0.19045920000000002,103068804,21.182275490089456,53.024992950616486
119.490767834749,-0.8144096249252141,56.6461,8.05,5.511,4683.0,0.2258098,25994436,21.074161983462464,52.28060779841995
347.420628950546,-67.73282261727991,67.396,8.29,5.325,4484.39,0.1569085,260795451,21.04310958192779,52.729620631323584
25.9196823905788,63.8233980758949,73.9913,8.42,5.38,4334.27,0.1268078,372795449,20.86933538042943,52.69357827159189
339.689894078819,-20.621135277493106,112.367,9.06,4.8,3565.0,0.05267853,262039241,20.852498399163203,54.74688706891301
11.451196911701,-41.90918962109321,63.507,7.89,5.318,4366.0,0.1721376,183564258,20.848714453089155,52.55685548027762
38.594026015070895,-43.7963532657194,86.6753,8.89,4.885,3788.0,0.08900562,142206123,20.79851468989465,53.990799092390965
153.07361847328698,-3.7456649721011,129.789,9.26,5.015,3592.0,0.03903442,77612635,20.72060071746139,54.32604798203417
73.9246267403868,-28.5639122872648,54.843,8.13,5.545,4702.0,0.2323512,682491,20.682922131418223,51.261015335821384
221.35076181405896,13.8463156381442,53.1567,7.87,5.608,5250.0,0.25713939999999996,450354414,20.65958599783772,49.83568888779528
115.012089230399,-3.60367471022232,71.0801,8.866,5.568,3807.0,0.1303989,66189398,20.63514751065659,53.51512872527916
69.2010055693521,27.1321939749745,57.1046,8.1,5.24,4831.0,0.21473160000000002,125838647,20.607488241376736,50.74490379229386
281.86354394475603,-3.63983342183875,70.1428,8.81,5.581,3906.0,0.13388329999999998,226107999,20.580997548019848,53.107384774742044
145.856918872508,42.6915598631403,55.4519,8.13,5.484,4806.6,0.2255743,20176336,20.52829369632427,50.611581497327904
40.8370214697769,19.429175713924998,53.5579,8.1791,5.539000034332275,4559.0,0.2372435,640831349,20.511069827270415,51.202864636317315
1.42092453196458,45.8120958899851,86.8735,8.2,5.2620000000000005,3959.0,0.08508937,439949946,20.29240541211659,52.22210695582299
215.48840102735198,29.6296158793651,68.8608,8.56,5.425,4286.54,0.13782239999999998,156641715,20.278322639619855,51.32546711222431
353.20582672235395,-16.845645226490902,68.6979,8.599,5.473,4199.82,0.1364941,434103018,20.185652397268242,51.3163028017177
80.656213,2.6031009999999997,50.24,7.76,5.3020000000000005,4894.0,0.26661,264588636,20.155237752404478,49.4756145448789
28.2048878361215,-22.4348582566313,90.4253,8.89,5.178,3858.0,0.07644136,266680951,20.073138540115433,51.923153177538794
220.61934060409303,-64.97811606562661,60.7357,8.4156,5.513999999999999,4346.0,0.1739643,402558381,20.057130362493364,50.61269273693032
84.1291267933068,11.327869999720301,87.4367,8.937999999999997,5.269,3936.0,0.08192205,436248822,20.052565722379082,51.665132654711684
113.65603140599701,31.869494731040202,66.2323,9.83,5.2360000000000015,3906.0,0.14227420000000002,239187696,20.033324752131907,51.69416513686895
149.036130022526,62.788463177272604,94.9397,8.99,5.2,3831.0,0.06880859,287165117,20.009178572515562,51.82862591740558
76.4473848063523,-57.553832610517304,85.4852,8.98,5.442,3977.0,0.0854395018081,381949148,19.9994359848887,51.42117462110443
247.57524250447705,-12.6625898067806,232.21,10.1,5.075,3309.0,0.01119846,413948621,19.974325674344563,53.130535046372835
133.85330562847201,70.7943135826434,86.3786,8.8622,4.559999942779541,3982.0,0.08308362,802622516,19.92518605890479,51.217273353519346
174.748816950841,42.3288061981109,51.5841,8.22,5.598,4647.65,0.2420641,393884636,19.89420949455443,49.441310437861105
1.42084507877455,45.810375973005705,86.9402,8.2,5.284,3947.0,0.0815972,439949948,19.893289089754393,51.22616524751445
15.6022764201632,5.06152364082116,65.7603,8.16,5.51,4615.0,0.148003,344714317,19.853433260808014,49.42125136371727
258.0329,45.666000000000004,158.17,9.31,4.834,3387.0,0.02362806,274977714,19.732343682514504,52.27772603483045
343.31971796180403,-14.263695391988401,213.86700000000002,10.16,5.01,3271.0,0.01279543,188580272,19.67889953040148,52.44698815516589
271.281578142519,-3.03132033958897,129.392,9.37,5.306,3668.0,0.03522514,41378014,19.589236193688283,51.162067525479415
41.57198672301271,11.7752391805372,61.9128,8.593,5.529,4264.0,0.1586737,387422624,19.57643472144093,49.605667898486516
208.000022911181,49.95090976871339,70.1809,8.82,5.507999999999999,4075.0,0.1204279,219038788,19.44018916767283,49.73531402098107
254.177801573858,-39.136877032138,63.7411,8.588,5.561,4383.0,0.14719379999999999,341660109,19.33966376242145,48.71072771011422
142.617031678198,-32.103403673235,50.9365,8.31,5.809,4531.42,0.23060630000000001,24972344,19.25024933709961,48.12245104045415
204.369869187554,35.7177624392219,91.2519,9.06,5.4860000000000015,3959.0,0.06938844,73494569,19.248373402564745,49.53531107525358
206.925673607999,-32.4300353199838,68.4515,8.844,5.557,4108.0,0.123402,30175418,19.175798552855834,48.97679544592293
302.58154600052103,-20.4934359882958,63.2814,8.91,5.702999999999999,3968.0,0.1425339,75231315,19.126626971836654,49.19952887223146
284.3775,-55.9919,79.14,8.86,5.025,3713.0,0.08926225091210001,379470817,19.052485008495747,49.64675643371185
118.063982162593,-34.7054911319854,54.4566,8.2091,3.839999914169312,4765.0,0.1986012,774580479,18.944590656635246,46.80442958826716
330.542813168395,1.40023056824517,94.7419,9.17,5.322,3796.0,0.06172486,292987389,18.92840559303287,49.11625930216019
